T/B1,B2/Nsur1,Nsur2,Nsur3,Nsur4,Nsur5,Nsur6,Nsub1,Nsub2,Nsub3,Eads,Adsorbate
Co,Fe,Ni,Fe,Co,Co,Co,Fe,Fe,Cu,-2.117393,CO
Co,Co,Fe,Cu,Co,Cu,Co,Cu,Cu,Fe,-2.181302,CO
Co,Co,Cu,Fe,Fe,Cu,Cu,Mo,Fe,Fe,-2.065114,CO
Ni,Fe,Cu,Fe,Fe,Co,Fe,Fe,Fe,Mo,-1.766518,CO
Fe,Ni,Fe,Ni,Cu,Co,Co,Cu,Mo,Mo,-1.91227814,CO
Fe,Cu,Cu,Cu,Ni,Fe,Co,Fe,Fe,Fe,-1.962986,CO
Fe,Cu,Cu,Cu,Ni,Fe,Ni,Mo,Mo,Cu,-1.8639,CO
Ni,Fe,Cu,Co,Cu,Cu,Fe,Mo,Cu,Fe,-1.775248,CO
Cu,Ni,Co,Co,Cu,Fe,Cu,Fe,Fe,Mo,-0.969159,CO
Co,Co,Co,Co,Cu,Cu,Cu,Mo,Fe,Cu,-2.044997,CO
Co,Cu,Fe,Co,Co,Cu,Ni,Fe,Cu,Fe,-2.067363,CO
Co,Fe,Co,Mo,Fe,Co,Ni,Mo,Co,Fe,-2.017771,CO
Fe,Co,Mo,Cu,Fe,Co,Co,Cu,Fe,Fe,-2.074212,CO
Fe,Fe,Cu,Cu,Fe,Ni,Co,Mo,Fe,Fe,-1.909966,CO
Fe,Fe,Cu,Co,Co,Ni,Ni,Co,Fe,Co,-1.831526,CO
Co,Cu,Ni,Fe,Mo,Co,Fe,Co,Ni,Co,-2.208676,CO
Ni,Cu,Co,Co,Fe,Co,Cu,Ni,Mo,Co,-1.778139,CO
Fe,Ni,Co,Ni,Co,Mo,Co,Co,Co,Cu,-1.906191,CO
Co,Fe,Ni,Ni,Cu,Cu,Mo,Mo,Cu,Ni,-2.26158922,CO
Co,Ni,Co,Fe,Co,Ni,Cu,Mo,Mo,Cu,-2.032095,CO
Co,Co,Fe,Fe,Ni,Fe,Ni,Co,Cu,Mo,-2.05967,CO
Cu,Ni,Mo,Cu,Fe,Co,Co,Fe,Fe,Fe,-0.85892171,CO
Fe,Cu,Cu,Fe,Co,Mo,Co,Cu,Fe,Fe,-1.99731759,CO
Co,Fe,Fe,Co,Ni,Cu,Mo,Co,Fe,Fe,-2.0876945,CO
Ni,Co,Co,Mo,Cu,Co,Cu,Mo,Fe,Fe,-1.69339695,CO
Fe,Cu,Co,Cu,Co,Co,Fe,Fe,Fe,Cu,-1.8298305,CO
Co,Fe,Cu,Cu,Mo,Ni,Co,Fe,Cu,Co,-2.179236,CO
Fe,Cu,Mo,Cu,Co,Cu,Mo,Cu,Fe,Mo,-2.26600729,CO
Co,Fe,Cu,Co,Cu,Fe,Cu,Fe,Mo,Co,-2.05593342,CO
Co,Co,Cu,Fe,Mo,Cu,Cu,Cu,Fe,Cu,-2.21687005,CO
Mo,Co,Fe,Co,Cu,Fe,Cu,Fe,Cu,Co,-1.89703183,CO
Cu,Mo,Co,Ni,Co,Co,Fe,Mo,Co,Mo,-0.91580511,CO
Co,Cu,Ni,Cu,Co,Cu,Co,Co,Mo,Fe,-1.94545076,CO
Fe,Co,Co,Mo,Co,Co,Co,Cu,Mo,Mo,-2.18651544,CO
Co,Fe,Mo,Co,Fe,Mo,Co,Mo,Mo,Fe,-2.196139,CO
Fe,Co,Co,Fe,Co,Ni,Mo,Cu,Fe,Fe,-2.042746,CO
Fe,Co,Mo,Fe,Co,Co,Fe,Fe,Fe,Co,-1.982794,CO
Co,Fe,Fe,Ni,Mo,Fe,Co,Mo,Co,Co,-2.129907,CO
Co,Mo,Cu,Mo,Fe,Fe,Co,Fe,Fe,Fe,-2.153616,CO
Co,Ni,Co,Fe,Co,Mo,Cu,Mo,Fe,Cu,-2.109407,CO
Co,Fe,Fe,Fe,Fe,Fe,Ni,Fe,Mo,Mo,-2.13332088,CO
Fe,Ni,Ni,Fe,Ni,Fe,Co,Mo,Fe,Co,-2.0611055,CO
Ni,Cu,Fe,Fe,Cu,Co,Fe,Ni,Co,Fe,-1.80889721,CO
Fe,Fe,Fe,Co,Fe,Ni,Ni,Fe,Cu,Ni,-2.07730311,CO
Ni,Fe,Cu,Co,Fe,Fe,Fe,Fe,Cu,Fe,-1.77662834,CO
Co,Co,Co,Co,Mo,Co,Co,Cu,Mo,Ni,-2.14573982,CO
Ni,Mo,Cu,Fe,Co,Mo,Co,Ni,Mo,Fe,-1.99968653,CO
Fe,Cu,Co,Mo,Co,Co,Ni,Fe,Co,Cu,-1.86460899,CO
Co,Co,Co,Mo,Cu,Mo,Co,Ni,Cu,Fe,-2.2255343,CO
Co,Mo,Co,Co,Co,Co,Mo,Mo,Cu,Cu,-2.02224825,CO
Co,Co,Co,Mo,Co,Mo,Co,Fe,Cu,Ni,-2.1616026,CO
Co,Co,Mo,Ni,Mo,Co,Mo,Fe,Ni,Ni,-2.08727587,CO
Mo,Co,Ni,Co,Co,Mo,Co,Cu,Ni,Cu,-2.1883439,CO
Cu,Ni,Ni,Fe,Cu,Co,Co,Mo,Mo,Mo,-1.01340087,CO
Ni,Ni,Co,Ni,Cu,Co,Ni,Mo,Fe,Mo,-1.57813117,CO
Ni,Co,Co,Co,Fe,Cu,Ni,Mo,Fe,Fe,-1.73295764,CO
Fe,Fe,Mo,Co,Co,Ni,Cu,Fe,Fe,Co,-1.98465548,CO
Co,Fe,Co,Co,Ni,Ni,Ni,Fe,Co,Fe,-2.0119198,CO
Co,Co,Co,Ni,Co,Ni,Co,Fe,Fe,Fe,-2.02566134,CO
Co,Co,Ni,Ni,Mo,Fe,Ni,Fe,Fe,Co,-2.15278107,CO
Co,Co,Cu,Cu,Ni,Co,Co,Fe,Mo,Mo,-2.00805683,CO
Ni,Ni,Ni,Ni,Co,Mo,Co,Co,Mo,Mo,-1.77503071,CO
Ni,Mo,Ni,Cu,Fe,Ni,Ni,Cu,Fe,Ni,-2.18352615,CO
Fe,Ni,Cu,Mo,Mo,Ni,Ni,Cu,Ni,Co,-2.06377196,CO
Mo,Fe,Mo,Ni,Mo,Fe,Ni,Cu,Co,Ni,-1.93535209,CO
Ni,Ni,Ni,Mo,Cu,Ni,Mo,Fe,Mo,Mo,-1.73179607,CO
Ni,Mo,Fe,Ni,Ni,Mo,Mo,Ni,Cu,Mo,-1.98651904,CO
Fe,Mo,Fe,Ni,Fe,Mo,Cu,Mo,Co,Cu,-2.102508,CO
Fe,Fe,Ni,Ni,Ni,Ni,Mo,Cu,Cu,Cu,-1.88207588,CO
Ni,Ni,Ni,Fe,Ni,Ni,Fe,Cu,Cu,Cu,-1.72102697,CO
Fe,Ni,Mo,Mo,Ni,Fe,Mo,Co,Cu,Ni,-2.16428696,CO
Ni,Fe,Mo,Ni,Ni,Fe,Fe,Cu,Ni,Cu,-1.7343,CO
Fe,Ni,Cu,Ni,Mo,Mo,Ni,Fe,Cu,Cu,-1.95792833,CO
Mo,Fe,Ni,Fe,Co,Fe,Mo,Cu,Cu,Ni,-1.92805389,CO
Co,Mo,Fe,Fe,Ni,Mo,Fe,Ni,Ni,Mo,-1.99140797,CO
Fe,Ni,Ni,Ni,Fe,Co,Mo,Ni,Cu,Co,-1.87777725,CO
Ni,Ni,Ni,Mo,Cu,Fe,Fe,Co,Cu,Cu,-1.79084967,CO
Fe,Cu,Fe,Mo,Ni,Ni,Cu,Mo,Co,Cu,-1.7691633,CO
Mo,Ni,Fe,Mo,Fe,Cu,Ni,Cu,Fe,Cu,-1.88285873,CO
Fe,Mo,Mo,Co,Mo,Fe,Cu,Co,Cu,Ni,-2.01043174,CO
Mo,Mo,Co,Cu,Ni,Ni,Ni,Ni,Ni,Fe,-1.79765623,CO
Fe,Ni,Ni,Ni,Co,Cu,Cu,Mo,Co,Cu,-1.73433016,CO
Co,Fe,Ni,Ni,Fe,Mo,Cu,Mo,Cu,Cu,-2.11661219,CO
Fe,Co,Ni,Mo,Ni,Co,Mo,Cu,Cu,Cu,-2.03127007,CO
Mo,Ni,Ni,Fe,Ni,Ni,Fe,Cu,Cu,Cu,-2.11392063,CO
Ni,Ni,Mo,Mo,Ni,Co,Fe,Cu,Cu,Ni,-1.93645211,CO
Co,Fe,Ni,Fe,Co,Co,Co,Fe,Fe,Cu,-0.892218865,COOH
Co,Ni,Fe,Co,Co,Co,Fe,Fe,Fe,Cu,-0.750434185,COOH
Co,Fe,Co,Co,Co,Fe,Ni,Fe,Fe,Cu,-0.957250305,COOH
Co,Co,Co,Fe,Ni,Fe,Co,Fe,Fe,Cu,-0.802951655,COOH
Co,Co,Co,Fe,Cu,Co,Cu,Cu,Cu,Fe,-0.812909045,COOH
Co,Fe,Cu,Co,Cu,Co,Co,Cu,Cu,Fe,-0.996976715,COOH
Co,Co,Cu,Co,Co,Fe,Cu,Cu,Cu,Fe,-0.897827335,COOH
Co,Cu,Co,Co,Fe,Cu,Co,Cu,Cu,Fe,-0.755773955,COOH
Co,Cu,Co,Cu,Fe,Fe,Cu,Mo,Fe,Fe,-0.696049055,COOH
Co,Co,Cu,Fe,Fe,Cu,Cu,Mo,Fe,Fe,-0.752019845,COOH
Co,Cu,Fe,Fe,Cu,Cu,Co,Mo,Fe,Fe,-0.575093835,COOH
Co,Fe,Fe,Cu,Cu,Co,Cu,Mo,Fe,Fe,-0.749116835,COOH
Co,Fe,Cu,Cu,Co,Cu,Fe,Mo,Fe,Fe,-0.854152135,COOH
Fe,Co,Cu,Co,Fe,Ni,Co,Cu,Fe,Fe,-0.515202615,COOH
Fe,Co,Fe,Ni,Co,Co,Cu,Cu,Fe,Fe,-0.649521255,COOH
Fe,Fe,Ni,Co,Co,Cu,Co,Cu,Fe,Fe,-0.711824215,COOH
Fe,Ni,Co,Co,Cu,Co,Fe,Cu,Fe,Fe,-0.591951405,COOH
Fe,Co,Co,Cu,Co,Fe,Ni,Cu,Fe,Fe,-0.579007305,COOH
Ni,Fe,Fe,Cu,Fe,Fe,Co,Fe,Fe,Mo,-0.707989385,COOH
Ni,Fe,Cu,Fe,Fe,Co,Fe,Fe,Fe,Mo,-0.686620295,COOH
Ni,Cu,Fe,Fe,Co,Fe,Fe,Fe,Fe,Mo,-0.546812165,COOH
Ni,Fe,Fe,Co,Fe,Fe,Cu,Fe,Fe,Mo,-0.800706245,COOH
Ni,Fe,Co,Fe,Fe,Cu,Fe,Fe,Fe,Mo,-0.918086745,COOH
Fe,Co,Ni,Fe,Ni,Cu,Co,Cu,Mo,Mo,-0.520734175,COOH
Fe,Ni,Fe,Ni,Cu,Co,Co,Cu,Mo,Mo,-0.514528975,COOH
Fe,Fe,Ni,Cu,Co,Co,Ni,Cu,Mo,Mo,-0.848688845,COOH
Fe,Cu,Co,Co,Ni,Fe,Ni,Cu,Mo,Mo,-0.381578745,COOH
Fe,Co,Co,Ni,Fe,Ni,Cu,Cu,Mo,Mo,-0.498503085,COOH
Cu,Fe,Ni,Cu,Fe,Co,Co,Fe,Mo,Fe,-0.431375325,COOH
Cu,Ni,Cu,Fe,Co,Co,Fe,Fe,Mo,Fe,-0.065604045,COOH
Cu,Fe,Co,Co,Fe,Ni,Cu,Fe,Mo,Fe,-0.348815905,COOH
Cu,Co,Co,Fe,Ni,Cu,Fe,Fe,Mo,Fe,-0.251024505,COOH
Fe,Co,Cu,Cu,Cu,Ni,Fe,Fe,Fe,Fe,-0.590987235,COOH
Fe,Cu,Cu,Ni,Fe,Co,Cu,Fe,Fe,Fe,-0.381397585,COOH
Fe,Cu,Ni,Fe,Co,Cu,Cu,Fe,Fe,Fe,-0.499479555,COOH
Fe,Fe,Co,Cu,Cu,Cu,Ni,Fe,Fe,Fe,-0.675070775,COOH
Cu,Fe,Cu,Co,Cu,Fe,Ni,Fe,Mo,Mo,-0.399256285,COOH
Cu,Cu,Co,Cu,Fe,Ni,Fe,Fe,Mo,Mo,-0.120287975,COOH
Cu,Co,Cu,Fe,Ni,Fe,Cu,Fe,Mo,Mo,-0.209227675,COOH
Cu,Cu,Fe,Ni,Fe,Cu,Co,Fe,Mo,Mo,-0.109121795,COOH
Cu,Fe,Ni,Fe,Cu,Co,Cu,Fe,Mo,Mo,-0.458178285,COOH
Cu,Ni,Fe,Cu,Co,Cu,Fe,Fe,Mo,Mo,-0.196145555,COOH
Fe,Fe,Ni,Cu,Cu,Cu,Ni,Mo,Mo,Cu,-0.790714705,COOH
Fe,Cu,Cu,Cu,Ni,Fe,Ni,Mo,Mo,Cu,-0.525253055,COOH
Fe,Cu,Cu,Ni,Fe,Ni,Cu,Mo,Mo,Cu,-0.348422385,COOH
Fe,Cu,Ni,Fe,Ni,Cu,Cu,Mo,Mo,Cu,-0.377562675,COOH
Fe,Ni,Fe,Ni,Cu,Cu,Cu,Mo,Mo,Cu,-0.414250435,COOH
Ni,Fe,Fe,Cu,Co,Cu,Cu,Mo,Cu,Fe,-0.854537055,COOH
Ni,Fe,Cu,Co,Cu,Cu,Fe,Mo,Cu,Fe,-0.780269275,COOH
Ni,Cu,Co,Cu,Cu,Fe,Fe,Mo,Cu,Fe,-0.398522695,COOH
Ni,Co,Cu,Cu,Fe,Fe,Cu,Mo,Cu,Fe,-0.628396685,COOH
Ni,Cu,Cu,Fe,Fe,Cu,Co,Mo,Cu,Fe,-0.463814075,COOH
Cu,Fe,Cu,Ni,Co,Co,Cu,Fe,Fe,Mo,-0.298701335,COOH
Cu,Ni,Co,Co,Cu,Fe,Cu,Fe,Fe,Mo,-0.104581145,COOH
Cu,Co,Co,Cu,Fe,Cu,Ni,Fe,Fe,Mo,-0.168657045,COOH
Cu,Co,Cu,Fe,Cu,Ni,Co,Fe,Fe,Mo,-0.210159885,COOH
Cu,Cu,Fe,Cu,Ni,Co,Co,Fe,Fe,Mo,-0.103804595,COOH
Co,Cu,Co,Co,Co,Cu,Cu,Mo,Fe,Cu,-0.596847385,COOH
Co,Co,Co,Co,Cu,Cu,Cu,Mo,Fe,Cu,-0.722052625,COOH
Co,Co,Co,Cu,Cu,Cu,Co,Mo,Fe,Cu,-0.684801255,COOH
Co,Co,Cu,Cu,Cu,Co,Co,Mo,Fe,Cu,-0.625551875,COOH
Co,Cu,Cu,Cu,Co,Co,Co,Mo,Fe,Cu,-0.562364405,COOH
Co,Cu,Cu,Co,Co,Co,Cu,Mo,Fe,Cu,-0.575653135,COOH
Cu,Cu,Co,Co,Co,Cu,Fe,Mo,Cu,Mo,-0.035987455,COOH
Cu,Co,Co,Co,Cu,Fe,Cu,Mo,Cu,Mo,-0.189063315,COOH
Cu,Co,Co,Cu,Fe,Cu,Co,Mo,Cu,Mo,-0.211105285,COOH
Cu,Fe,Cu,Co,Co,Co,Cu,Mo,Cu,Mo,-0.251025835,COOH
Co,Ni,Cu,Fe,Co,Co,Cu,Fe,Cu,Fe,-0.731391855,COOH
Co,Fe,Co,Co,Cu,Ni,Cu,Fe,Cu,Fe,-0.731282865,COOH
Co,Co,Co,Cu,Ni,Cu,Fe,Fe,Cu,Fe,-0.723867985,COOH
Co,Co,Cu,Ni,Cu,Fe,Co,Fe,Cu,Fe,-0.715446355,COOH
Co,Cu,Ni,Cu,Fe,Co,Co,Fe,Cu,Fe,-0.566159745,COOH
Co,Fe,Co,Mo,Fe,Co,Ni,Mo,Co,Fe,-0.777585285,COOH
Co,Co,Mo,Fe,Co,Ni,Fe,Mo,Co,Fe,-0.833640575,COOH
Co,Mo,Fe,Co,Ni,Fe,Co,Mo,Co,Fe,-1.189716985,COOH
Co,Co,Ni,Fe,Co,Mo,Fe,Mo,Co,Fe,-0.872410445,COOH
Co,Ni,Fe,Co,Mo,Fe,Co,Mo,Co,Fe,-0.822532175,COOH
Fe,Mo,Cu,Fe,Co,Co,Co,Cu,Fe,Fe,-1.240137115,COOH
Fe,Fe,Co,Co,Co,Mo,Cu,Cu,Fe,Fe,-0.834801365,COOH
Fe,Co,Co,Co,Mo,Cu,Fe,Cu,Fe,Fe,-0.756100775,COOH
Fe,Co,Co,Mo,Cu,Fe,Co,Cu,Fe,Fe,-0.686843875,COOH
Fe,Fe,Cu,Cu,Fe,Ni,Co,Mo,Fe,Fe,-0.709995475,COOH
Fe,Fe,Ni,Co,Fe,Cu,Cu,Mo,Fe,Fe,-0.664624815,COOH
Fe,Ni,Co,Fe,Cu,Cu,Fe,Mo,Fe,Fe,-0.564466255,COOH
Fe,Co,Fe,Cu,Cu,Fe,Ni,Mo,Fe,Fe,-0.667806415,COOH
Fe,Fe,Cu,Co,Co,Ni,Ni,Co,Fe,Co,-0.692340635,COOH
Fe,Co,Co,Ni,Ni,Fe,Cu,Co,Fe,Co,-0.594118735,COOH
Fe,Co,Ni,Ni,Fe,Cu,Co,Co,Fe,Co,-0.520084565,COOH
Fe,Ni,Ni,Fe,Cu,Co,Co,Co,Fe,Co,-0.462137975,COOH
Fe,Ni,Fe,Cu,Co,Co,Ni,Co,Fe,Co,-0.463587075,COOH
Co,Ni,Fe,Mo,Co,Fe,Cu,Co,Ni,Co,-0.769755415,COOH
Co,Mo,Co,Fe,Cu,Ni,Fe,Co,Ni,Co,-1.247282615,COOH
Co,Fe,Cu,Ni,Fe,Mo,Co,Co,Ni,Co,-0.945728635,COOH
Mo,Co,Fe,Co,Cu,Fe,Co,Fe,Co,Mo,-0.622601545,COOH
Mo,Fe,Co,Cu,Fe,Co,Co,Fe,Co,Mo,-0.819441895,COOH
Mo,Co,Cu,Fe,Co,Co,Fe,Fe,Co,Mo,-0.839365405,COOH
Mo,Cu,Fe,Co,Co,Fe,Co,Fe,Co,Mo,-0.632571495,COOH
Mo,Fe,Co,Co,Fe,Co,Cu,Fe,Co,Mo,-0.781956345,COOH
Mo,Co,Co,Fe,Co,Cu,Fe,Fe,Co,Mo,-0.667502525,COOH
Cu,Mo,Co,Cu,Cu,Fe,Fe,Fe,Mo,Fe,-0.848230285,COOH
Cu,Cu,Cu,Fe,Fe,Mo,Co,Fe,Mo,Fe,-0.036368105,COOH
Cu,Fe,Fe,Mo,Co,Cu,Cu,Fe,Mo,Fe,-0.451194545,COOH
Cu,Cu,Ni,Co,Fe,Fe,Cu,Fe,Fe,Ni,0.017108745,COOH
Cu,Fe,Fe,Cu,Cu,Ni,Co,Fe,Fe,Ni,-0.368599555,COOH
Cu,Fe,Cu,Cu,Ni,Co,Fe,Fe,Fe,Ni,-0.411773565,COOH
Ni,Cu,Co,Co,Fe,Co,Cu,Ni,Mo,Co,-0.447642145,COOH
Ni,Co,Co,Fe,Co,Cu,Cu,Ni,Mo,Co,-0.732865585,COOH
Ni,Co,Fe,Co,Cu,Cu,Co,Ni,Mo,Co,-0.667912545,COOH
Ni,Fe,Co,Cu,Cu,Co,Co,Ni,Mo,Co,-0.652803895,COOH
Ni,Co,Cu,Cu,Co,Co,Fe,Ni,Mo,Co,-0.608869465,COOH
Ni,Cu,Cu,Co,Co,Fe,Co,Ni,Mo,Co,-0.450642335,COOH
Fe,Ni,Co,Ni,Co,Mo,Co,Co,Co,Cu,-0.625465895,COOH
Fe,Co,Ni,Co,Mo,Co,Ni,Co,Co,Cu,-0.672874945,COOH
Fe,Mo,Co,Ni,Co,Ni,Co,Co,Co,Cu,-1.100972375,COOH
Co,Ni,Cu,Cu,Mo,Fe,Ni,Mo,Cu,Ni,-0.734521645,COOH
Co,Cu,Cu,Mo,Fe,Ni,Ni,Mo,Cu,Ni,-0.697390775,COOH
Co,Mo,Fe,Ni,Ni,Cu,Cu,Mo,Cu,Ni,-1.534700825,COOH
Cu,Co,Ni,Co,Ni,Cu,Cu,Fe,Ni,Mo,-0.224235645,COOH
Cu,Ni,Co,Ni,Cu,Cu,Co,Fe,Ni,Mo,-0.119551845,COOH
Cu,Ni,Cu,Cu,Co,Ni,Co,Fe,Ni,Mo,-0.097264185,COOH
Cu,Cu,Cu,Co,Ni,Co,Ni,Fe,Ni,Mo,0.115324435,COOH
Cu,Cu,Co,Ni,Co,Ni,Cu,Fe,Ni,Mo,0.078857105,COOH
Co,Ni,Co,Fe,Co,Ni,Cu,Mo,Mo,Cu,-0.738861585,COOH
Co,Co,Fe,Co,Ni,Cu,Ni,Mo,Mo,Cu,-0.803259985,COOH
Co,Fe,Co,Ni,Cu,Ni,Co,Mo,Mo,Cu,-0.712515775,COOH
Co,Co,Ni,Cu,Ni,Co,Fe,Mo,Mo,Cu,-0.659719525,COOH
Co,Ni,Cu,Ni,Co,Fe,Co,Mo,Mo,Cu,-0.690423805,COOH
Co,Cu,Ni,Co,Fe,Co,Ni,Mo,Mo,Cu,-0.586371935,COOH
Co,Co,Fe,Fe,Ni,Fe,Ni,Co,Cu,Mo,-0.714870415,COOH
Co,Fe,Ni,Fe,Ni,Co,Fe,Co,Cu,Mo,-0.931132305,COOH
Co,Ni,Fe,Ni,Co,Fe,Fe,Co,Cu,Mo,-0.757066305,COOH
Co,Fe,Ni,Co,Fe,Fe,Ni,Co,Cu,Mo,-0.817266425,COOH
Co,Ni,Co,Fe,Fe,Ni,Fe,Co,Cu,Mo,-0.676067075,COOH
Ni,Co,Fe,Fe,Ni,Co,Fe,Cu,Mo,Co,-0.727884545,COOH
Ni,Fe,Fe,Ni,Co,Fe,Co,Cu,Mo,Co,-0.821396035,COOH
Ni,Ni,Co,Fe,Co,Fe,Fe,Cu,Mo,Co,-0.495294325,COOH
Ni,Fe,Co,Fe,Fe,Ni,Co,Cu,Mo,Co,-0.695991625,COOH
Ni,Ni,Fe,Co,Co,Cu,Co,Ni,Co,Mo,-0.470549925,COOH
Ni,Fe,Co,Co,Cu,Co,Ni,Ni,Co,Mo,-0.724337785,COOH
Ni,Co,Co,Cu,Co,Ni,Fe,Ni,Co,Mo,-0.722669545,COOH
Ni,Co,Cu,Co,Ni,Fe,Co,Ni,Co,Mo,-0.714707435,COOH
Ni,Cu,Co,Ni,Fe,Co,Co,Ni,Co,Mo,-0.488033425,COOH
Ni,Co,Ni,Fe,Co,Co,Cu,Ni,Co,Mo,-0.630989805,COOH
Cu,Mo,Cu,Fe,Co,Co,Ni,Fe,Fe,Fe,-0.573835865,COOH
Cu,Fe,Co,Co,Ni,Mo,Cu,Fe,Fe,Fe,-0.201390435,COOH
Cu,Co,Co,Ni,Mo,Cu,Fe,Fe,Fe,Fe,-0.127590865,COOH
Cu,Co,Ni,Mo,Cu,Fe,Co,Fe,Fe,Fe,-0.175018185,COOH
Fe,Cu,Cu,Fe,Co,Mo,Co,Cu,Fe,Fe,-0.340721725,COOH
Fe,Fe,Co,Mo,Co,Cu,Cu,Cu,Fe,Fe,-0.789753015,COOH
Fe,Co,Mo,Co,Cu,Cu,Fe,Cu,Fe,Fe,-0.639962025,COOH
Fe,Mo,Co,Cu,Cu,Fe,Co,Cu,Fe,Fe,-0.940026975,COOH
Co,Mo,Fe,Fe,Co,Ni,Cu,Co,Fe,Fe,-1.104717185,COOH
Ni,Mo,Cu,Co,Cu,Co,Co,Mo,Fe,Fe,-1.017933435,COOH
Ni,Cu,Co,Co,Mo,Cu,Co,Mo,Fe,Fe,-0.499777745,COOH
Mo,Co,Cu,Fe,Cu,Cu,Ni,Fe,Co,Cu,-0.681926365,COOH
Mo,Fe,Cu,Cu,Ni,Co,Cu,Fe,Co,Cu,-0.811976015,COOH
Mo,Ni,Co,Cu,Fe,Cu,Cu,Fe,Co,Cu,-0.632601045,COOH
Cu,Mo,Fe,Co,Fe,Fe,Cu,Fe,Cu,Fe,-0.594122765,COOH
Cu,Fe,Cu,Mo,Fe,Co,Fe,Fe,Cu,Fe,-0.209944195,COOH
Fe,Cu,Co,Cu,Co,Co,Fe,Fe,Fe,Cu,-0.247504825,COOH
Fe,Co,Cu,Co,Co,Fe,Cu,Fe,Fe,Cu,-0.515834585,COOH
Fe,Co,Fe,Cu,Co,Cu,Co,Fe,Fe,Cu,-0.473002355,COOH
Fe,Fe,Cu,Co,Cu,Co,Co,Fe,Fe,Cu,-0.650341335,COOH
Co,Fe,Cu,Cu,Mo,Ni,Co,Fe,Cu,Co,-1.083502305,COOH
Cu,Fe,Mo,Co,Cu,Co,Mo,Co,Cu,Fe,-0.261319895,COOH
Fe,Co,Cu,Mo,Cu,Mo,Cu,Cu,Fe,Mo,-0.944416255,COOH
Fe,Mo,Cu,Mo,Cu,Co,Cu,Cu,Fe,Mo,-1.236038915,COOH
Co,Cu,Co,Cu,Fe,Cu,Fe,Fe,Mo,Co,-0.578209035,COOH
Co,Co,Cu,Fe,Cu,Fe,Cu,Fe,Mo,Co,-0.606426705,COOH
Co,Fe,Cu,Fe,Cu,Co,Cu,Fe,Mo,Co,-0.811853745,COOH
Cu,Co,Co,Cu,Co,Fe,Co,Cu,Co,Cu,-0.103272015,COOH
Cu,Fe,Co,Co,Co,Cu,Co,Cu,Co,Cu,-0.282850325,COOH
Co,Mo,Cu,Cu,Co,Cu,Fe,Cu,Fe,Cu,-1.155541735,COOH
Mo,Fe,Co,Cu,Fe,Cu,Co,Fe,Cu,Co,-0.751147395,COOH
Mo,Co,Cu,Fe,Cu,Co,Fe,Fe,Cu,Co,-0.546985355,COOH
Mo,Cu,Fe,Cu,Co,Fe,Co,Fe,Cu,Co,-0.579302765,COOH
Co,Ni,Cu,Co,Cu,Co,Cu,Co,Mo,Fe,-0.594795865,COOH
Co,Co,Cu,Co,Cu,Ni,Cu,Co,Mo,Fe,-0.646851445,COOH
Co,Cu,Co,Cu,Ni,Cu,Co,Co,Mo,Fe,-0.283848275,COOH
Co,Co,Cu,Ni,Cu,Co,Cu,Co,Mo,Fe,-0.525456785,COOH
Co,Fe,Fe,Co,Fe,Co,Ni,Fe,Fe,Mo,-0.712345705,COOH
Co,Co,Fe,Co,Ni,Fe,Fe,Fe,Fe,Mo,-0.822007035,COOH
Fe,Co,Co,Mo,Co,Co,Co,Cu,Mo,Mo,-0.762949665,COOH
Fe,Mo,Co,Co,Co,Co,Co,Cu,Mo,Mo,-1.113071285,COOH
Fe,Co,Co,Co,Mo,Co,Co,Cu,Mo,Mo,-0.598758905,COOH
Co,Mo,Co,Fe,Mo,Co,Fe,Mo,Mo,Fe,-1.525070025,COOH
Fe,Fe,Co,Ni,Mo,Co,Co,Cu,Fe,Fe,-0.833641875,COOH
Fe,Mo,Co,Co,Fe,Co,Ni,Cu,Fe,Fe,-1.111209535,COOH
Fe,Co,Co,Fe,Co,Mo,Fe,Fe,Fe,Co,-0.687137165,COOH
Co,Fe,Ni,Mo,Fe,Co,Fe,Mo,Co,Co,-0.864147535,COOH
Co,Ni,Mo,Fe,Co,Fe,Fe,Mo,Co,Co,-0.636591855,COOH
Co,Mo,Fe,Co,Fe,Fe,Ni,Mo,Co,Co,-1.187916985,COOH
Co,Co,Fe,Fe,Ni,Mo,Fe,Mo,Co,Co,-0.890306545,COOH
Mo,Co,Ni,Cu,Co,Co,Fe,Mo,Co,Fe,-0.604941865,COOH
Mo,Cu,Co,Co,Fe,Co,Ni,Mo,Co,Fe,-0.392543335,COOH
Mo,Co,Fe,Co,Ni,Cu,Co,Mo,Co,Fe,-0.655582625,COOH
Co,Fe,Co,Mo,Cu,Mo,Fe,Fe,Fe,Fe,-0.886209415,COOH
Mo,Cu,Co,Co,Fe,Fe,Co,Fe,Mo,Mo,-0.470989415,COOH
Mo,Co,Co,Fe,Fe,Co,Cu,Fe,Mo,Mo,-0.745164825,COOH
Mo,Fe,Fe,Co,Cu,Co,Co,Fe,Mo,Mo,-0.533248395,COOH
Mo,Fe,Co,Cu,Co,Co,Fe,Fe,Mo,Mo,-0.590694115,COOH
Fe,Mo,Co,Mo,Ni,Co,Fe,Co,Mo,Cu,-1.222437435,COOH
Ni,Mo,Ni,Cu,Mo,Co,Fe,Co,Cu,Fe,-1.098078425,COOH
Ni,Mo,Co,Fe,Mo,Ni,Cu,Co,Cu,Fe,-0.992662635,COOH
Cu,Ni,Co,Mo,Co,Mo,Ni,Fe,Fe,Mo,0.048243015,COOH
Cu,Mo,Co,Mo,Ni,Ni,Co,Fe,Fe,Mo,-0.711824385,COOH
Co,Ni,Co,Fe,Co,Mo,Cu,Mo,Fe,Cu,-0.718145155,COOH
Co,Co,Fe,Co,Mo,Cu,Ni,Mo,Fe,Cu,-0.811028325,COOH
Co,Mo,Cu,Ni,Co,Fe,Co,Mo,Fe,Cu,-1.508141965,COOH
Co,Mo,Co,Fe,Co,Mo,Fe,Mo,Cu,Mo,-1.532250925,COOH
Mo,Co,Fe,Ni,Ni,Fe,Co,Cu,Mo,Cu,-0.886913125,COOH
Ni,Mo,Fe,Co,Co,Cu,Ni,Fe,Cu,Fe,-1.099035055,COOH
Co,Cu,Fe,Fe,Fe,Fe,Ni,Fe,Mo,Mo,-0.662208265,COOH
Co,Fe,Ni,Cu,Fe,Fe,Fe,Fe,Mo,Mo,-0.890753365,COOH
Fe,Fe,Ni,Co,Fe,Fe,Co,Cu,Mo,Ni,-0.855549025,COOH
Fe,Co,Fe,Fe,Co,Fe,Ni,Cu,Mo,Ni,-0.613276835,COOH
Fe,Fe,Fe,Co,Fe,Ni,Co,Cu,Mo,Ni,-0.771381415,COOH
Co,Fe,Ni,Cu,Cu,Fe,Fe,Ni,Ni,Mo,-0.829753455,COOH
Co,Ni,Cu,Cu,Fe,Fe,Fe,Ni,Ni,Mo,-0.707743235,COOH
Co,Cu,Cu,Fe,Fe,Fe,Ni,Ni,Ni,Mo,-0.596948985,COOH
Co,Fe,Fe,Fe,Ni,Cu,Cu,Ni,Ni,Mo,-0.921388195,COOH
Co,Fe,Fe,Ni,Cu,Cu,Fe,Ni,Ni,Mo,-0.867938195,COOH
Cu,Cu,Fe,Co,Ni,Fe,Co,Cu,Mo,Mo,0.014850675,COOH
Cu,Ni,Fe,Co,Cu,Fe,Co,Cu,Mo,Mo,-0.170863525,COOH
Cu,Fe,Co,Cu,Fe,Co,Ni,Cu,Mo,Mo,-0.389293725,COOH
Fe,Cu,Ni,Ni,Fe,Co,Cu,Mo,Fe,Fe,-0.347075795,COOH
Fe,Ni,Ni,Fe,Co,Cu,Cu,Mo,Fe,Fe,-0.517039275,COOH
Fe,Ni,Fe,Co,Cu,Cu,Ni,Mo,Fe,Fe,-0.616785975,COOH
Fe,Fe,Co,Cu,Cu,Ni,Ni,Mo,Fe,Fe,-0.688429765,COOH
Fe,Co,Cu,Cu,Ni,Ni,Fe,Mo,Fe,Fe,-0.778367315,COOH
Fe,Fe,Ni,Fe,Ni,Fe,Co,Mo,Fe,Co,-0.885000545,COOH
Fe,Ni,Fe,Ni,Fe,Co,Fe,Mo,Fe,Co,-0.633498175,COOH
Fe,Fe,Ni,Fe,Co,Fe,Ni,Mo,Fe,Co,-0.776569685,COOH
Fe,Ni,Fe,Co,Fe,Ni,Fe,Mo,Fe,Co,-0.675798265,COOH
Fe,Fe,Co,Fe,Ni,Fe,Ni,Mo,Fe,Co,-0.883474715,COOH
Fe,Co,Fe,Ni,Fe,Ni,Fe,Mo,Fe,Co,-0.871721885,COOH
Ni,Fe,Fe,Fe,Cu,Co,Fe,Ni,Co,Fe,-0.885247105,COOH
Ni,Fe,Fe,Cu,Co,Fe,Fe,Ni,Co,Fe,-0.902893425,COOH
Ni,Fe,Cu,Co,Fe,Fe,Fe,Ni,Co,Fe,-0.877879775,COOH
Ni,Fe,Fe,Fe,Fe,Cu,Co,Ni,Co,Fe,-0.817748985,COOH
Cu,Ni,Fe,Cu,Co,Ni,Fe,Mo,Fe,Fe,-0.220892125,COOH
Cu,Cu,Co,Ni,Fe,Ni,Fe,Mo,Fe,Fe,0.058952785,COOH
Cu,Co,Ni,Fe,Ni,Fe,Cu,Mo,Fe,Fe,-0.156425805,COOH
Ni,Fe,Fe,Fe,Ni,Fe,Cu,Fe,Mo,Fe,-0.896580365,COOH
Ni,Fe,Fe,Ni,Fe,Cu,Fe,Fe,Mo,Fe,-0.916725085,COOH
Ni,Fe,Ni,Fe,Cu,Fe,Fe,Fe,Mo,Fe,-0.838827655,COOH
Ni,Ni,Fe,Cu,Fe,Fe,Fe,Fe,Mo,Fe,-0.658576375,COOH
Ni,Fe,Cu,Fe,Fe,Fe,Ni,Fe,Mo,Fe,-0.805246915,COOH
Ni,Ni,Fe,Fe,Fe,Fe,Fe,Fe,Fe,Mo,-0.650910425,COOH
Ni,Fe,Fe,Fe,Fe,Fe,Ni,Fe,Fe,Mo,-0.826771895,COOH
Ni,Fe,Fe,Fe,Fe,Ni,Fe,Fe,Fe,Mo,-0.899241525,COOH
Ni,Fe,Fe,Fe,Ni,Fe,Fe,Fe,Fe,Mo,-0.923790655,COOH
Ni,Fe,Ni,Fe,Fe,Fe,Fe,Fe,Fe,Mo,-0.786516895,COOH
Fe,Fe,Ni,Fe,Ni,Fe,Ni,Co,Mo,Fe,-0.831810895,COOH
Fe,Ni,Fe,Ni,Fe,Ni,Fe,Co,Mo,Fe,-0.834780725,COOH
Fe,Fe,Ni,Fe,Ni,Fe,Ni,Co,Mo,Fe,-0.709854895,COOH
Fe,Ni,Fe,Ni,Fe,Ni,Fe,Co,Mo,Fe,-0.551594835,COOH
Fe,Fe,Ni,Fe,Ni,Fe,Ni,Co,Mo,Fe,-0.769932865,COOH
Fe,Fe,Ni,Fe,Ni,Cu,Ni,Fe,Fe,Mo,-0.679497315,COOH
Fe,Fe,Ni,Cu,Ni,Fe,Ni,Fe,Fe,Mo,-0.715977145,COOH
Fe,Ni,Cu,Ni,Fe,Ni,Fe,Fe,Fe,Mo,-0.572773065,COOH
Fe,Ni,Fe,Ni,Fe,Ni,Cu,Fe,Fe,Mo,-0.551509155,COOH
Fe,Co,Fe,Fe,Ni,Fe,Ni,Mo,Fe,Cu,-0.707816865,COOH
Fe,Fe,Fe,Ni,Fe,Ni,Co,Mo,Fe,Cu,-0.796137465,COOH
Fe,Fe,Ni,Fe,Ni,Co,Fe,Mo,Fe,Cu,-0.797173145,COOH
Fe,Ni,Fe,Ni,Co,Fe,Fe,Mo,Fe,Cu,-0.779019495,COOH
Fe,Fe,Ni,Co,Fe,Fe,Ni,Mo,Fe,Cu,-0.835719455,COOH
Fe,Fe,Fe,Co,Fe,Ni,Ni,Fe,Cu,Ni,-0.814703795,COOH
Fe,Fe,Co,Fe,Ni,Ni,Fe,Fe,Cu,Ni,-0.932503375,COOH
Fe,Co,Fe,Ni,Ni,Fe,Fe,Fe,Cu,Ni,-0.721866375,COOH
Fe,Fe,Ni,Ni,Fe,Fe,Co,Fe,Cu,Ni,-0.792421945,COOH
Fe,Fe,Co,Cu,Ni,Fe,Ni,Mo,Ni,Cu,-0.790069805,COOH
Fe,Cu,Ni,Fe,Ni,Fe,Co,Mo,Ni,Cu,-0.487002185,COOH
Fe,Fe,Ni,Fe,Co,Cu,Ni,Mo,Ni,Cu,-0.850984765,COOH
Fe,Ni,Fe,Co,Cu,Ni,Fe,Mo,Ni,Cu,-0.692882035,COOH
Ni,Fe,Cu,Co,Fe,Fe,Fe,Fe,Cu,Fe,-0.850180825,COOH
Ni,Co,Fe,Fe,Fe,Fe,Cu,Fe,Cu,Fe,-0.800783845,COOH
Ni,Fe,Fe,Fe,Fe,Cu,Co,Fe,Cu,Fe,-0.840692605,COOH
Ni,Fe,Fe,Fe,Cu,Co,Fe,Fe,Cu,Fe,-0.859608085,COOH
Ni,Fe,Fe,Cu,Co,Fe,Fe,Fe,Cu,Fe,-0.894731785,COOH
Co,Fe,Ni,Fe,Co,Co,Co,Fe,Fe,Cu,-1.608308345,CHO
Co,Ni,Fe,Co,Co,Co,Fe,Fe,Fe,Cu,-1.480036585,CHO
Co,Fe,Co,Co,Co,Fe,Ni,Fe,Fe,Cu,-1.639792655,CHO
Co,Co,Co,Co,Fe,Ni,Fe,Fe,Fe,Cu,-1.623041815,CHO
Co,Co,Co,Fe,Ni,Fe,Co,Fe,Fe,Cu,-1.538800855,CHO
Co,Co,Fe,Cu,Co,Cu,Co,Cu,Cu,Fe,-1.688804855,CHO
Co,Cu,Co,Cu,Co,Co,Fe,Cu,Cu,Fe,-1.566445965,CHO
Co,Co,Cu,Co,Co,Fe,Cu,Cu,Cu,Fe,-1.603435305,CHO
Co,Cu,Co,Co,Fe,Cu,Co,Cu,Cu,Fe,-1.407846415,CHO
Co,Co,Co,Fe,Cu,Co,Cu,Cu,Cu,Fe,-1.537477595,CHO
Co,Co,Cu,Fe,Fe,Cu,Cu,Mo,Fe,Fe,-1.476908735,CHO
Co,Cu,Fe,Fe,Cu,Cu,Co,Mo,Fe,Fe,-1.230362945,CHO
Co,Fe,Cu,Cu,Co,Cu,Fe,Mo,Fe,Fe,-1.573116415,CHO
Co,Cu,Co,Cu,Fe,Fe,Cu,Mo,Fe,Fe,-1.366201935,CHO
Fe,Fe,Ni,Co,Co,Cu,Co,Cu,Fe,Fe,-1.495976005,CHO
Fe,Ni,Co,Co,Cu,Co,Fe,Cu,Fe,Fe,-1.349712125,CHO
Fe,Co,Co,Cu,Co,Fe,Ni,Cu,Fe,Fe,-1.352237685,CHO
Fe,Co,Cu,Co,Fe,Ni,Co,Cu,Fe,Fe,-1.253195145,CHO
Ni,Fe,Cu,Fe,Fe,Co,Fe,Fe,Fe,Mo,-1.302926935,CHO
Ni,Cu,Fe,Fe,Co,Fe,Fe,Fe,Fe,Mo,-1.162201985,CHO
Ni,Fe,Fe,Co,Fe,Fe,Cu,Fe,Fe,Mo,-1.422362985,CHO
Ni,Fe,Co,Fe,Fe,Cu,Fe,Fe,Fe,Mo,-1.536768285,CHO
Ni,Fe,Fe,Cu,Fe,Fe,Co,Fe,Fe,Mo,-1.314213465,CHO
Fe,Cu,Cu,Ni,Fe,Co,Cu,Fe,Fe,Fe,-1.014174595,CHO
Fe,Cu,Ni,Fe,Co,Cu,Cu,Fe,Fe,Fe,-1.150503235,CHO
Fe,Ni,Fe,Co,Cu,Cu,Cu,Fe,Fe,Fe,-1.224454915,CHO
Cu,Cu,Fe,Ni,Fe,Cu,Co,Fe,Mo,Mo,-0.600265585,CHO
Cu,Fe,Cu,Co,Cu,Fe,Ni,Fe,Mo,Mo,-0.901305735,CHO
Fe,Ni,Fe,Ni,Cu,Cu,Cu,Mo,Mo,Cu,-1.088751195,CHO
Fe,Fe,Ni,Cu,Cu,Cu,Ni,Mo,Mo,Cu,-1.551307615,CHO
Ni,Fe,Cu,Co,Cu,Cu,Fe,Mo,Cu,Fe,-1.428073985,CHO
Ni,Cu,Co,Cu,Cu,Fe,Fe,Mo,Cu,Fe,-0.942703925,CHO
Ni,Co,Cu,Cu,Fe,Fe,Cu,Mo,Cu,Fe,-1.187494285,CHO
Ni,Cu,Cu,Fe,Fe,Cu,Co,Mo,Cu,Fe,-1.030317785,CHO
Ni,Cu,Fe,Fe,Cu,Co,Cu,Mo,Cu,Fe,-1.014411415,CHO
Ni,Fe,Fe,Cu,Co,Cu,Cu,Mo,Cu,Fe,-1.450159555,CHO
Cu,Ni,Co,Co,Cu,Fe,Cu,Fe,Fe,Mo,-0.615608705,CHO
Cu,Co,Cu,Fe,Cu,Ni,Co,Fe,Fe,Mo,-0.734069665,CHO
Co,Co,Co,Co,Cu,Cu,Cu,Mo,Fe,Cu,-1.441620715,CHO
Co,Co,Co,Cu,Cu,Cu,Co,Mo,Fe,Cu,-1.633781365,CHO
Co,Co,Cu,Cu,Cu,Co,Co,Mo,Fe,Cu,-1.352441065,CHO
Co,Cu,Cu,Cu,Co,Co,Co,Mo,Fe,Cu,-1.259807175,CHO
Co,Cu,Cu,Co,Co,Co,Cu,Mo,Fe,Cu,-1.267363165,CHO
Cu,Co,Co,Cu,Fe,Cu,Co,Mo,Cu,Mo,-0.737741955,CHO
Cu,Cu,Co,Fe,Co,Ni,Fe,Cu,Mo,Cu,-0.524739855,CHO
Co,Fe,Co,Co,Cu,Ni,Cu,Fe,Cu,Fe,-1.414206875,CHO
Co,Co,Co,Cu,Ni,Cu,Fe,Fe,Cu,Fe,-1.452047355,CHO
Co,Co,Cu,Ni,Cu,Fe,Co,Fe,Cu,Fe,-1.427005165,CHO
Co,Cu,Ni,Cu,Fe,Co,Co,Fe,Cu,Fe,-1.241166235,CHO
Co,Ni,Cu,Fe,Co,Co,Cu,Fe,Cu,Fe,-1.447562765,CHO
Co,Fe,Co,Mo,Fe,Co,Ni,Mo,Co,Fe,-1.447092355,CHO
Co,Co,Mo,Fe,Co,Ni,Fe,Mo,Co,Fe,-1.546782925,CHO
Co,Co,Ni,Fe,Co,Mo,Fe,Mo,Co,Fe,-1.561247425,CHO
Fe,Mo,Cu,Fe,Co,Co,Co,Cu,Fe,Fe,-2.017618185,CHO
Fe,Fe,Co,Co,Co,Mo,Cu,Cu,Fe,Fe,-1.517757385,CHO
Fe,Co,Co,Co,Mo,Cu,Fe,Cu,Fe,Fe,-1.668090565,CHO
Fe,Ni,Co,Fe,Cu,Cu,Fe,Mo,Fe,Fe,-1.314875365,CHO
Fe,Fe,Cu,Co,Co,Ni,Ni,Co,Fe,Co,-1.419140365,CHO
Fe,Co,Co,Ni,Ni,Fe,Cu,Co,Fe,Co,-1.374128635,CHO
Fe,Co,Ni,Ni,Fe,Cu,Co,Co,Fe,Co,-1.271291185,CHO
Fe,Ni,Ni,Fe,Cu,Co,Co,Co,Fe,Co,-1.169525595,CHO
Fe,Ni,Fe,Cu,Co,Co,Ni,Co,Fe,Co,-1.455086575,CHO
Co,Ni,Fe,Mo,Co,Fe,Cu,Co,Ni,Co,-1.449499955,CHO
Co,Fe,Cu,Ni,Fe,Mo,Co,Co,Ni,Co,-1.606255295,CHO
Mo,Co,Cu,Fe,Co,Co,Fe,Fe,Co,Mo,-1.454823635,CHO
Mo,Cu,Fe,Co,Co,Fe,Co,Fe,Co,Mo,-1.162026035,CHO
Mo,Co,Co,Fe,Co,Cu,Fe,Fe,Co,Mo,-1.643571665,CHO
Cu,Cu,Cu,Fe,Fe,Mo,Co,Fe,Mo,Fe,-0.522439695,CHO
Cu,Cu,Fe,Fe,Mo,Co,Cu,Fe,Mo,Fe,-0.950837255,CHO
Cu,Cu,Ni,Co,Fe,Fe,Cu,Fe,Fe,Ni,-0.482585915,CHO
Cu,Co,Fe,Fe,Cu,Cu,Ni,Fe,Fe,Ni,-0.885208455,CHO
Ni,Co,Co,Fe,Co,Cu,Cu,Ni,Mo,Co,-1.400792725,CHO
Ni,Co,Fe,Co,Cu,Cu,Co,Ni,Mo,Co,-1.386079435,CHO
Ni,Fe,Co,Cu,Cu,Co,Co,Ni,Mo,Co,-1.308985235,CHO
Ni,Co,Cu,Cu,Co,Co,Fe,Ni,Mo,Co,-1.257027605,CHO
Ni,Cu,Cu,Co,Co,Fe,Co,Ni,Mo,Co,-1.298707105,CHO
Fe,Ni,Co,Ni,Co,Mo,Co,Co,Co,Cu,-1.525787025,CHO
Fe,Co,Ni,Co,Mo,Co,Ni,Co,Co,Cu,-1.354110545,CHO
Fe,Ni,Co,Mo,Co,Ni,Co,Co,Co,Cu,-1.256976245,CHO
Fe,Co,Ni,Co,Ni,Co,Mo,Co,Co,Cu,-1.719071155,CHO
Co,Fe,Ni,Ni,Cu,Cu,Mo,Mo,Cu,Ni,-2.246740045,CHO
Co,Ni,Cu,Cu,Mo,Fe,Ni,Mo,Cu,Ni,-1.403060465,CHO
Co,Cu,Cu,Mo,Fe,Ni,Ni,Mo,Cu,Ni,-1.368908255,CHO
Co,Mo,Fe,Ni,Ni,Cu,Cu,Mo,Cu,Ni,-2.296936755,CHO
Co,Ni,Co,Fe,Co,Ni,Cu,Mo,Mo,Cu,-1.473310675,CHO
Co,Co,Fe,Co,Ni,Cu,Ni,Mo,Mo,Cu,-1.551410605,CHO
Co,Fe,Co,Ni,Cu,Ni,Co,Mo,Mo,Cu,-1.441994095,CHO
Co,Ni,Cu,Ni,Co,Fe,Co,Mo,Mo,Cu,-1.409316155,CHO
Co,Cu,Ni,Co,Fe,Co,Ni,Mo,Mo,Cu,-1.295480015,CHO
Co,Fe,Ni,Fe,Ni,Co,Fe,Co,Cu,Mo,-1.637911265,CHO
Co,Ni,Fe,Ni,Co,Fe,Fe,Co,Cu,Mo,-1.503782775,CHO
Co,Fe,Ni,Co,Fe,Fe,Ni,Co,Cu,Mo,-1.534135555,CHO
Ni,Co,Fe,Fe,Ni,Co,Fe,Cu,Mo,Co,-1.368214375,CHO
Ni,Fe,Fe,Ni,Co,Fe,Co,Cu,Mo,Co,-1.428246535,CHO
Ni,Ni,Co,Fe,Co,Fe,Fe,Cu,Mo,Co,-1.138951095,CHO
Ni,Fe,Co,Fe,Fe,Ni,Co,Cu,Mo,Co,-1.327198255,CHO
Ni,Ni,Fe,Co,Co,Cu,Co,Ni,Co,Mo,-1.152262835,CHO
Ni,Fe,Co,Co,Cu,Co,Ni,Ni,Co,Mo,-1.360275495,CHO
Ni,Co,Co,Cu,Co,Ni,Fe,Ni,Co,Mo,-1.393977965,CHO
Ni,Co,Cu,Co,Ni,Fe,Co,Ni,Co,Mo,-1.394176605,CHO
Ni,Cu,Co,Ni,Fe,Co,Co,Ni,Co,Mo,-1.092303905,CHO
Ni,Co,Ni,Fe,Co,Co,Cu,Ni,Co,Mo,-1.323229245,CHO
Cu,Mo,Cu,Fe,Co,Co,Ni,Fe,Fe,Fe,-1.736072415,CHO
Fe,Cu,Cu,Fe,Co,Mo,Co,Cu,Fe,Fe,-0.994271885,CHO
Fe,Fe,Co,Mo,Co,Cu,Cu,Cu,Fe,Fe,-1.491821095,CHO
Fe,Co,Mo,Co,Cu,Cu,Fe,Cu,Fe,Fe,-1.436030525,CHO
Fe,Mo,Co,Cu,Cu,Fe,Co,Cu,Fe,Fe,-1.786262555,CHO
Co,Fe,Fe,Co,Ni,Cu,Mo,Co,Fe,Fe,-2.101317385,CHO
Co,Fe,Co,Ni,Cu,Mo,Fe,Co,Fe,Fe,-1.626966415,CHO
Co,Ni,Cu,Mo,Fe,Fe,Co,Co,Fe,Fe,-1.321381075,CHO
Ni,Mo,Cu,Co,Cu,Co,Co,Mo,Fe,Fe,-1.686917235,CHO
Ni,Co,Cu,Co,Co,Mo,Cu,Mo,Fe,Fe,-1.233523555,CHO
Ni,Cu,Co,Co,Mo,Cu,Co,Mo,Fe,Fe,-1.104287125,CHO
Mo,Ni,Co,Cu,Fe,Cu,Cu,Fe,Co,Cu,-1.245299895,CHO
Cu,Mo,Fe,Co,Fe,Fe,Cu,Fe,Cu,Fe,-1.393877985,CHO
Fe,Cu,Co,Cu,Co,Co,Fe,Fe,Fe,Cu,-1.017827315,CHO
Fe,Co,Cu,Co,Co,Fe,Cu,Fe,Fe,Cu,-1.290931575,CHO
Fe,Co,Co,Fe,Cu,Co,Cu,Fe,Fe,Cu,-1.313972285,CHO
Fe,Fe,Cu,Co,Cu,Co,Co,Fe,Fe,Cu,-1.430516515,CHO
Co,Fe,Cu,Cu,Mo,Ni,Co,Fe,Cu,Co,-1.746447465,CHO
Co,Mo,Ni,Co,Fe,Cu,Cu,Fe,Cu,Co,-2.104588035,CHO
Co,Co,Fe,Cu,Cu,Mo,Ni,Fe,Cu,Co,-1.715952925,CHO
Fe,Mo,Cu,Co,Cu,Mo,Cu,Cu,Fe,Mo,-2.030286335,CHO
Fe,Co,Cu,Mo,Cu,Mo,Cu,Cu,Fe,Mo,-1.602026055,CHO
Fe,Mo,Cu,Mo,Cu,Co,Cu,Cu,Fe,Mo,-1.953531945,CHO
Co,Fe,Cu,Co,Cu,Fe,Cu,Fe,Mo,Co,-1.705613685,CHO
Co,Fe,Cu,Fe,Cu,Co,Cu,Fe,Mo,Co,-1.502252335,CHO
Co,Co,Cu,Fe,Mo,Cu,Cu,Cu,Fe,Cu,-1.586712475,CHO
Co,Cu,Fe,Mo,Cu,Cu,Co,Cu,Fe,Cu,-1.298110945,CHO
Cu,Ni,Co,Co,Fe,Mo,Co,Mo,Co,Mo,-0.580895165,CHO
Co,Cu,Ni,Cu,Co,Cu,Co,Co,Mo,Fe,-1.219365545,CHO
Co,Ni,Cu,Co,Cu,Co,Cu,Co,Mo,Fe,-1.302180425,CHO
Co,Co,Cu,Co,Cu,Ni,Cu,Co,Mo,Fe,-1.373751525,CHO
Co,Cu,Co,Cu,Ni,Cu,Co,Co,Mo,Fe,-0.996637285,CHO
Co,Fe,Co,Fe,Co,Ni,Fe,Fe,Fe,Mo,-1.511605045,CHO
Co,Fe,Co,Ni,Fe,Fe,Co,Fe,Fe,Mo,-1.611015555,CHO
Co,Co,Ni,Fe,Fe,Co,Fe,Fe,Fe,Mo,-1.492275005,CHO
Co,Ni,Fe,Fe,Co,Fe,Co,Fe,Fe,Mo,-1.312867785,CHO
Fe,Co,Co,Mo,Co,Co,Co,Cu,Mo,Mo,-1.511253145,CHO
Co,Mo,Co,Fe,Mo,Co,Fe,Mo,Mo,Fe,-2.000571975,CHO
Co,Fe,Mo,Co,Fe,Mo,Co,Mo,Mo,Fe,-2.214212205,CHO
Co,Mo,Co,Fe,Mo,Co,Fe,Mo,Mo,Fe,-2.219457255,CHO
Fe,Mo,Fe,Co,Co,Fe,Co,Fe,Fe,Co,-1.805105045,CHO
Fe,Co,Co,Fe,Co,Mo,Fe,Fe,Fe,Co,-1.742028945,CHO
Co,Fe,Fe,Ni,Mo,Fe,Co,Mo,Co,Co,-1.594389985,CHO
Co,Mo,Fe,Co,Fe,Fe,Ni,Mo,Co,Co,-2.179184085,CHO
Co,Fe,Co,Fe,Fe,Ni,Mo,Mo,Co,Co,-2.217676995,CHO
Mo,Co,Co,Fe,Co,Ni,Cu,Mo,Co,Fe,-1.254058225,CHO
Co,Mo,Fe,Fe,Co,Mo,Cu,Fe,Fe,Fe,-2.055405825,CHO
Mo,Co,Co,Fe,Fe,Co,Cu,Fe,Mo,Mo,-1.350639945,CHO
Fe,Mo,Co,Mo,Ni,Co,Fe,Co,Mo,Cu,-2.013102845,CHO
Fe,Mo,Ni,Co,Fe,Mo,Co,Co,Mo,Cu,-2.034533815,CHO
Fe,Co,Fe,Mo,Co,Mo,Ni,Co,Mo,Cu,-1.844385535,CHO
Ni,Mo,Ni,Cu,Mo,Co,Fe,Co,Cu,Fe,-1.815233405,CHO
Ni,Mo,Co,Fe,Mo,Ni,Cu,Co,Cu,Fe,-1.681992155,CHO
Ni,Co,Fe,Mo,Ni,Cu,Mo,Co,Cu,Fe,-1.760561055,CHO
Cu,Mo,Co,Mo,Ni,Ni,Co,Fe,Fe,Mo,-1.399720535,CHO
Co,Co,Fe,Co,Mo,Cu,Ni,Mo,Fe,Cu,-1.496321765,CHO
Co,Fe,Co,Mo,Cu,Ni,Co,Mo,Fe,Cu,-1.502807825,CHO
Co,Co,Mo,Cu,Ni,Co,Fe,Mo,Fe,Cu,-2.211321415,CHO
Co,Mo,Cu,Ni,Co,Fe,Co,Mo,Fe,Cu,-2.229909355,CHO
Co,Mo,Fe,Mo,Co,Fe,Co,Mo,Cu,Mo,-2.472420325,CHO
Co,Mo,Co,Fe,Co,Mo,Fe,Mo,Cu,Mo,-2.417242715,CHO
Mo,Co,Co,Fe,Ni,Ni,Fe,Cu,Mo,Cu,-1.500659385,CHO
Mo,Co,Fe,Ni,Ni,Fe,Co,Cu,Mo,Cu,-1.509332735,CHO
Mo,Fe,Ni,Ni,Fe,Co,Co,Cu,Mo,Cu,-1.818082285,CHO
Ni,Co,Co,Cu,Ni,Mo,Fe,Fe,Cu,Fe,-1.310491545,CHO
Ni,Cu,Ni,Mo,Fe,Co,Co,Fe,Cu,Fe,-0.975667035,CHO
Ni,Ni,Mo,Fe,Co,Co,Cu,Fe,Cu,Fe,-1.572166035,CHO
Co,Cu,Fe,Fe,Fe,Fe,Ni,Fe,Mo,Mo,-1.317347245,CHO
Co,Fe,Fe,Fe,Ni,Cu,Fe,Fe,Mo,Mo,-1.704162265,CHO
Co,Ni,Cu,Fe,Fe,Fe,Fe,Fe,Mo,Mo,-1.411974115,CHO
Fe,Co,Fe,Ni,Co,Fe,Fe,Cu,Mo,Ni,-1.635880545,CHO
Fe,Co,Fe,Fe,Co,Fe,Ni,Cu,Mo,Ni,-1.354164315,CHO
Fe,Fe,Fe,Co,Fe,Ni,Co,Cu,Mo,Ni,-1.855197765,CHO
Fe,Fe,Co,Fe,Ni,Co,Fe,Cu,Mo,Ni,-1.905813575,CHO
Co,Fe,Ni,Cu,Cu,Fe,Fe,Ni,Ni,Mo,-1.533379515,CHO
Co,Cu,Cu,Fe,Fe,Fe,Ni,Ni,Ni,Mo,-1.248483555,CHO
Co,Fe,Fe,Fe,Ni,Cu,Cu,Ni,Ni,Mo,-1.645905095,CHO
Cu,Cu,Fe,Co,Ni,Fe,Co,Cu,Mo,Mo,-0.495548095,CHO
Fe,Cu,Ni,Ni,Fe,Co,Cu,Mo,Fe,Fe,-1.193899705,CHO
Fe,Ni,Ni,Fe,Co,Cu,Cu,Mo,Fe,Fe,-1.255585005,CHO
Fe,Fe,Ni,Fe,Ni,Fe,Co,Mo,Fe,Co,-1.818634905,CHO
Fe,Fe,Ni,Fe,Co,Fe,Ni,Mo,Fe,Co,-1.476329855,CHO
Fe,Co,Fe,Ni,Fe,Ni,Fe,Mo,Fe,Co,-1.700885125,CHO
Ni,Fe,Fe,Fe,Cu,Co,Fe,Ni,Co,Fe,-1.940096795,CHO
Ni,Fe,Fe,Cu,Co,Fe,Fe,Ni,Co,Fe,-1.554517805,CHO
Ni,Fe,Cu,Co,Fe,Fe,Fe,Ni,Co,Fe,-1.919023775,CHO
Ni,Co,Fe,Fe,Fe,Fe,Cu,Ni,Co,Fe,-1.663425025,CHO
Ni,Fe,Fe,Fe,Fe,Cu,Co,Ni,Co,Fe,-1.447272165,CHO
Cu,Ni,Fe,Cu,Co,Ni,Fe,Mo,Fe,Fe,-0.730027015,CHO
Cu,Cu,Co,Ni,Fe,Ni,Fe,Mo,Fe,Fe,-0.439552285,CHO
Ni,Fe,Fe,Fe,Ni,Fe,Cu,Fe,Mo,Fe,-1.492630385,CHO
Ni,Fe,Fe,Ni,Fe,Cu,Fe,Fe,Mo,Fe,-1.533559405,CHO
Ni,Ni,Fe,Cu,Fe,Fe,Fe,Fe,Mo,Fe,-1.297179975,CHO
Ni,Fe,Cu,Fe,Fe,Fe,Ni,Fe,Mo,Fe,-1.411095525,CHO
Ni,Ni,Fe,Fe,Fe,Fe,Fe,Fe,Fe,Mo,-1.290008745,CHO
Ni,Fe,Fe,Fe,Fe,Ni,Fe,Fe,Fe,Mo,-1.497548485,CHO
Ni,Fe,Fe,Fe,Ni,Fe,Fe,Fe,Fe,Mo,-1.496789855,CHO
Fe,Fe,Ni,Fe,Ni,Fe,Ni,Co,Mo,Fe,-1.383076895,CHO
Fe,Ni,Fe,Ni,Cu,Ni,Fe,Fe,Fe,Mo,-1.285106955,CHO
Fe,Ni,Co,Fe,Fe,Ni,Fe,Mo,Fe,Cu,-1.578875915,CHO
Fe,Ni,Fe,Ni,Co,Fe,Fe,Mo,Fe,Cu,-1.521868495,CHO
Fe,Fe,Ni,Co,Fe,Fe,Ni,Mo,Fe,Cu,-1.559240825,CHO
Fe,Fe,Co,Fe,Ni,Ni,Fe,Fe,Cu,Ni,-1.866187325,CHO
Fe,Fe,Ni,Ni,Fe,Fe,Co,Fe,Cu,Ni,-1.520833645,CHO
Fe,Ni,Ni,Fe,Fe,Co,Fe,Fe,Cu,Ni,-1.634498425,CHO
Fe,Ni,Fe,Fe,Co,Fe,Ni,Fe,Cu,Ni,-1.827940285,CHO
Fe,Fe,Co,Cu,Ni,Fe,Ni,Mo,Ni,Cu,-1.545639725,CHO
Fe,Fe,Ni,Fe,Co,Cu,Ni,Mo,Ni,Cu,-1.574084575,CHO
Ni,Fe,Cu,Co,Fe,Fe,Fe,Fe,Cu,Fe,-1.458853365,CHO
Ni,Cu,Co,Fe,Fe,Fe,Fe,Fe,Cu,Fe,-1.167634665,CHO
Ni,Co,Fe,Fe,Fe,Fe,Cu,Fe,Cu,Fe,-1.444915145,CHO
Ni,Fe,Fe,Fe,Fe,Cu,Co,Fe,Cu,Fe,-1.730813315,CHO
Ni,Fe,Fe,Fe,Cu,Co,Fe,Fe,Cu,Fe,-1.489262715,CHO
Ni,Fe,Fe,Cu,Co,Fe,Fe,Fe,Cu,Fe,-1.497290515,CHO
Ni,Fe,Mo,Cu,Ni,Ni,Cu,Fe,Co,Co,-1.73373,CO
Ni,Ni,Co,Mo,Fe,Fe,Ni,Co,Co,Fe,-1.81534,CO
Fe,Cu,Fe,Mo,Fe,Cu,Mo,Cu,Cu,Fe,-2.1616,CO
Fe,Fe,Mo,Co,Fe,Mo,Cu,Fe,Ni,Cu,-2.18062,CO
Fe,Fe,Cu,Ni,Cu,Fe,Mo,Co,Mo,Mo,-2.09367,CO
Fe,Ni,Ni,Fe,Mo,Fe,Cu,Ni,Fe,Cu,-2.06725,CO
Fe,Ni,Mo,Fe,Fe,Mo,Fe,Fe,Cu,Cu,-2.2331,CO
Fe,Fe,Fe,Mo,Ni,Cu,Mo,Cu,Ni,Fe,-2.22562,CO
Fe,Mo,Fe,Cu,Mo,Fe,Fe,Cu,Mo,Ni,-2.2018,CO
Mo,Fe,Fe,Fe,Cu,Fe,Fe,Cu,Cu,Ni,-2.1719,CO
Mo,Fe,Cu,Fe,Cu,Ni,Fe,Ni,Cu,Co,-2.07622,CO
Mo,Cu,Fe,Fe,Fe,Fe,Ni,Co,Cu,Cu,-2.15504,CO
Fe,Mo,Cu,Mo,Fe,Cu,Co,Cu,Cu,Co,-2.21385,CO
Fe,Fe,Mo,Mo,Fe,Cu,Cu,Cu,Cu,Co,-1.9463,CO
Fe,Co,Cu,Cu,Fe,Cu,Cu,Ni,Fe,Fe,-1.89594,CO
Fe,Fe,Cu,Ni,Cu,Mo,Cu,Fe,Cu,Co,-2.04031,CO
Mo,Fe,Cu,Cu,Fe,Co,Ni,Cu,Co,Cu,-2.09785,CO
Mo,Mo,Cu,Co,Cu,Fe,Fe,Cu,Fe,Co,-1.96919,CO
Cu,Mo,Co,Fe,Cu,Mo,Fe,Co,Ni,Co,-2.01245,CO
Cu,Fe,Ni,Co,Co,Mo,Mo,Co,Fe,Fe,-2.24777,CO
Co,Cu,Co,Cu,Fe,Cu,Mo,Fe,Cu,Ni,-2.18175,CO
Co,Ni,Mo,Fe,Cu,Co,Cu,Fe,Cu,Cu,-2.11998,CO
Ni,Fe,Cu,Cu,Fe,Cu,Co,Fe,Co,Co,-1.83457,CO
Ni,Co,Fe,Fe,Fe,Cu,Cu,Mo,Ni,Fe,-1.74058,CO
Fe,Ni,Cu,Mo,Fe,Fe,Cu,Co,Cu,Cu,-2.15215,CO
Fe,Fe,Mo,Mo,Fe,Fe,Fe,Cu,Cu,Cu,-2.159,CO
Fe,Fe,Mo,Cu,Ni,Co,Fe,Cu,Ni,Fe,-2.04643,CO
Fe,Ni,Fe,Co,Cu,Mo,Cu,Fe,Cu,Co,-2.08525,CO
Fe,Cu,Fe,Fe,Fe,Ni,Co,Fe,Cu,Ni,-2.00521,CO
Fe,Fe,Fe,Fe,Co,Fe,Ni,Ni,Cu,Cu,-2.0154,CO
Mo,Cu,Fe,Cu,Mo,Fe,Fe,Cu,Co,Cu,-2.18904,CO
Mo,Mo,Cu,Co,Cu,Fe,Fe,Cu,Fe,Ni,-1.9281,CO
Cu,Mo,Co,Ni,Cu,Ni,Fe,Ni,Mo,Co,-2.04627,CO
Cu,Cu,Ni,Fe,Mo,Fe,Ni,Co,Fe,Cu,-2.18518,CO
Cu,Fe,Co,Cu,Co,Mo,Mo,Co,Cu,Fe,-0.82876,CO
Cu,Co,Ni,Fe,Fe,Co,Cu,Cu,Co,Fe,-2.07482,CO
Co,Cu,Cu,Fe,Ni,Cu,Mo,Fe,Fe,Mo,-2.09155,CO
Co,Fe,Fe,Ni,Cu,Cu,Fe,Cu,Fe,Cu,-2.07523,CO
Ni,Fe,Cu,Cu,Ni,Ni,Cu,Fe,Co,Co,-1.79643,CO
Ni,Ni,Cu,Mo,Fe,Fe,Ni,Co,Co,Fe,-1.82978,CO
Fe,Cu,Fe,Mo,Fe,Cu,Cu,Cu,Cu,Fe,-2.13153,CO
Fe,Fe,Mo,Cu,Fe,Mo,Cu,Fe,Ni,Cu,-2.19607,CO
Fe,Fe,Cu,Ni,Cu,Fe,Mo,Cu,Mo,Mo,-2.11409,CO
Fe,Ni,Ni,Fe,Mo,Fe,Cu,Cu,Fe,Cu,-2.09662,CO
Fe,Ni,Mo,Fe,Fe,Mo,Fe,Fe,Cu,Cu,-2.19999,CO
Fe,Fe,Fe,Cu,Ni,Cu,Mo,Cu,Ni,Fe,-2.18362,CO
Fe,Mo,Fe,Cu,Cu,Fe,Fe,Cu,Mo,Ni,-2.1531,CO
Mo,Fe,Fe,Fe,Cu,Fe,Fe,Cu,Cu,Ni,-2.17956,CO
Mo,Cu,Fe,Fe,Fe,Fe,Ni,Co,Cu,Cu,-2.14791,CO
Cu,Fe,Cu,Fe,Cu,Ni,Fe,Ni,Cu,Co,-0.90924,CO
Ni,Ni,Ni,Co,Ni,Co,Co,Fe,Fe,Fe,-1.70332,CO
Fe,Ni,Cu,Mo,Ni,Cu,Co,Cu,Fe,Ni,-2.09774,CO
Fe,Cu,Cu,Co,Cu,Cu,Co,Ni,Ni,Fe,-1.87464,CO
Mo,Cu,Cu,Co,Ni,Ni,Fe,Cu,Cu,Co,-2.12938,CO
Co,Ni,Cu,Fe,Fe,Ni,Ni,Fe,Ni,Ni,-2.01904,CO
Co,Cu,Co,Co,Cu,Ni,Mo,Cu,Ni,Co,-2.17998,CO
Co,Co,Ni,Fe,Cu,Cu,Co,Ni,Cu,Cu,-2.15046,CO
Co,Cu,Ni,Ni,Co,Cu,Fe,Ni,Fe,Co,-2.0655,CO
Co,Co,Ni,Ni,Co,Co,Cu,Co,Fe,Ni,-1.96116,CO
Fe,Mo,Cu,Mo,Fe,Cu,Co,Cu,Cu,Co,-2.21508,CO
Fe,Fe,Mo,Mo,Fe,Cu,Cu,Co,Cu,Co,-1.94674,CO
Fe,Fe,Mo,Cu,Mo,Ni,Cu,Co,Co,Cu,-2.1305,CO
Fe,Co,Cu,Cu,Fe,Cu,Cu,Ni,Fe,Fe,-1.89583,CO
Fe,Fe,Cu,Ni,Cu,Mo,Cu,Fe,Cu,Co,-2.03897,CO
Mo,Fe,Cu,Cu,Fe,Co,Ni,Cu,Co,Cu,-2.09572,CO
Mo,Cu,Fe,Cu,Mo,Fe,Fe,Cu,Co,Cu,-2.24465,CO
Mo,Mo,Cu,Co,Cu,Fe,Fe,Cu,Fe,Co,-1.96924,CO
Cu,Fe,Ni,Co,Co,Mo,Mo,Co,Fe,Fe,-2.24505,CO
Co,Cu,Co,Cu,Fe,Cu,Mo,Fe,Cu,Ni,-1.00722,CO
Co,Ni,Mo,Fe,Cu,Co,Cu,Fe,Cu,Cu,-2.11977,CO
Ni,Fe,Mo,Cu,Fe,Fe,Fe,Fe,Co,Co,-1.75002,CO
Fe,Ni,Co,Mo,Ni,Fe,Mo,Cu,Cu,Fe,-2.15883,CO
Fe,Cu,Ni,Mo,Co,Cu,Mo,Ni,Fe,Fe,-2.06856,CO
Fe,Fe,Ni,Fe,Ni,Cu,Mo,Cu,Co,Fe,-2.03779,CO
Fe,Mo,Fe,Ni,Fe,Mo,Co,Cu,Fe,Cu,-2.17305,CO
Mo,Co,Cu,Fe,Cu,Ni,Fe,Cu,Ni,Co,-1.9903,CO
Mo,Co,Fe,Fe,Cu,Co,Fe,Cu,Cu,Fe,-2.0515,CO
Co,Fe,Mo,Cu,Mo,Fe,Ni,Mo,Fe,Cu,-2.17111,CO
Co,Fe,Mo,Fe,Mo,Fe,Cu,Fe,Cu,Cu,-2.1573,CO
Ni,Fe,Ni,Cu,Fe,Ni,Co,Cu,Cu,Fe,-1.72429,CO
Ni,Ni,Cu,Co,Cu,Ni,Fe,Fe,Ni,Cu,-1.76614,CO
Ni,Cu,Cu,Ni,Ni,Co,Fe,Ni,Ni,Fe,-1.8683,CO
Ni,Ni,Ni,Cu,Ni,Fe,Co,Fe,Fe,Fe,-1.71896,CO
Fe,Co,Ni,Ni,Ni,Co,Fe,Cu,Fe,Cu,-1.89196,CO
Fe,Ni,Cu,Ni,Co,Cu,Ni,Cu,Ni,Ni,-1.78256,CO
Cu,Ni,Fe,Co,Fe,Co,Cu,Cu,Ni,Cu,-0.89452,CO
Cu,Ni,Co,Cu,Ni,Fe,Ni,Cu,Cu,Ni,-0.92362,CO
Cu,Ni,Ni,Cu,Co,Ni,Ni,Fe,Cu,Ni,-0.88409,CO
Co,Fe,Fe,Ni,Ni,Ni,Cu,Fe,Cu,Mo,-2.03186,CO
Co,Fe,Ni,Ni,Fe,Fe,Cu,Ni,Fe,Cu,-2.14164,CO
Co,Cu,Cu,Fe,Cu,Cu,Ni,Ni,Cu,Cu,-2.2856,CO
Ni,Fe,Mo,Cu,Fe,Fe,Ni,Fe,Co,Co,-1.79788,CO
Ni,Fe,Fe,Ni,Fe,Fe,Cu,Fe,Cu,Fe,-1.80512,CO
Ni,Co,Mo,Ni,Ni,Fe,Ni,Cu,Cu,Fe,-2.0953,CO
Fe,Cu,Ni,Fe,Co,Cu,Mo,Ni,Fe,Fe,-2.02186,CO
Fe,Ni,Ni,Fe,Ni,Cu,Cu,Cu,Co,Fe,-1.78874,CO
Fe,Ni,Ni,Fe,Ni,Co,Fe,Fe,Cu,Cu,-1.93074,CO
Mo,Co,Cu,Fe,Cu,Ni,Fe,Cu,Ni,Co,-2.05907,CO
Co,Cu,Co,Cu,Co,Ni,Fe,Cu,Cu,Mo,-2.06476,CO
Co,Co,Cu,Cu,Mo,Fe,Ni,Ci,Fe,Cu,-2.13751,CO
Co,Fe,Fe,Ni,Cu,Co,Cu,Fe,Cu,Cu,-2.14899,CO
Ni,Ni,Ni,Fe,Fe,Cu,Cu,Fe,Fe,Fe,-1.75142,CO
Fe,Cu,Co,Cu,Co,Cu,Fe,Ni,Cu,Fe,-1.98383,CO
Fe,Cu,Fe,Fe,Co,Cu,Mo,Cu,Fe,Mo,-2.10413,CO
Fe,Fe,Cu,Cu,Ni,Co,Fe,Cu,Cu,Fe,-1.9116,CO
Fe,Ni,Fe,Cu,Fe,Fe,Cu,Fe,Fe,Cu,-1.99537,CO
Co,Cu,Fe,Cu,Ni,Cu,Co,Co,Cu,Cu,-2.11682,CO
Co,Fe,Cu,Cu,Mo,Cu,Cu,Fe,Co,Co,-2.1881,CO
Co,Fe,Fe,Ni,Cu,Fe,Cu,Fe,Fe,Cu,-2.07913,CO